t,code,sum_assured_pp,pol_term,premium_pp,duration,surr_val_pp,acq_exp_per_pol,acq_perc_prem,age,claim_pp,lapse_rate,coc_rate,comm_rate,disc_rate,maint_exp_per_pol,maint_perc_prem,prem_tax_rate,ra_perc_av,ra_rate,ra_perc_prem,acq_exp_pp,mort_rate,comm_pp,maint_exp_pp,prem_tax_pp,pols_if,AV_if,SA_if,be_acq_exp,be_claim,be_comm,be_maint_exp,be_prem_tax,be_premium,be_surr_val,pv_pol_if,ra,new_dac,pv_acq_exp,pv_premium,pv_surr_ben,pv_maint_exp,pv_comm,pv_claim,pv_prem_tax,coc_ra,pv_cf,dac_alloc_fact,dac_unwind,pv_coc_ra,dac_alloc,pv_cf_unwind,csm,csm_alloc,csm_unwind,k_factor
0,A,100000.0,55.0,2307.92236328125,0.0,0.0,0.0,0.0,34.0,100000.0,0.0,0.0,0.0,0.0,0.0,0.0,0.0,0.02,0.0005,0.06,0.0,0.0,0.0,0.0,0.0,1.0,0.0,100000.0,0.0,0.0,0.0,0.0,0.0,0.0,0.0,7.806525186099723,0.0,0.0,0.0,18016.839371755574,6508.691517130174,0.0,2121.032846407377,4848.3126548165765,0.0,0.0,-4538.802353401446,0.0,0.0,0.0,0.0,0.0,0.0,397.05920254034424,0.0,397.05920254034424
1,A,100000.0,55.0,2307.92236328125,1.0,0.0,100.0,0.0,35.0,100000.0,0.12,0.06,0.75,0.04,35.0,0.05,0.035,0.02,0.0005,0.06,100.0,0.00123,1730.9417724609375,150.3961181640625,80.77728271484376,0.8789176000000001,0.0,87891.76000000001,100.0,123.0,1730.9417724609375,150.3961181640625,80.77728271484376,2307.92236328125,0.0,6.806525186099723,188.475341796875,1830.9417724609375,100.0,18016.839371755574,6508.691517130174,935.8419685877788,2121.032846407377,4848.3126548165765,630.589378011445,11.3085205078125,-2872.371006802223,268.99801622714693,73.2376708984375,169.77754433869853,236.42709082712506,-105.06255267443267,2702.5934624635242,348.9823213546733,108.10373849854098,397.05920254034424
2,A,100000.0,55.0,2307.92236328125,2.0,29.0,0.0,0.0,36.0,100000.0,0.1,0.06,0.2,0.04,0.0,0.05,0.035,0.02,0.0005,0.06,0.0,0.00181,461.58447265625,115.3961181640625,80.77728271484376,0.7895940832296,22.8982284136584,78959.40832296001,0.0,159.0840856,405.6947169042969,101.42367922607423,70.99657545825197,2028.4735845214846,2.5488610400000002,6.1998685935437114,165.65429507128908,405.6947169042969,0.0,16337.273688813297,6769.039177815382,816.8636844406649,405.6947169042969,4919.245161009239,571.8045791084653,9.939257704277345,-2854.62636953525,334.4340348754729,16.227788676171876,165.260125604434,264.0671351682751,-56.17071026409554,2461.714879607392,313.5155970177192,98.46859518429568,397.05920254034424
3,A,100000.0,55.0,2307.92236328125,3.0,1692.0,0.0,0.0,37.0,100000.0,0.08,0.06,0.0,0.04,0.0,0.05,0.035,0.02,0.0005,0.06,0.0,0.00239,0.0,115.3961181640625,80.77728271484376,0.7246903971010268,1226.1761518949372,72469.03971010268,0.0,188.71298589187444,0.0,91.11609213000752,63.781264491005274,1822.3218426001504,106.87945510595866,5.65826925405586,149.2769792857622,0.0,0.0,14881.152108463484,7037.251883887998,744.0576054231743,0.0,4956.930881849608,520.8403237962219,8.956618757145732,-1622.071413506481,334.4340348754729,0.0,161.93127292433402,242.36113353800508,1.8141228989062672,2246.6678777739685,287.7449911615791,89.86671511095874,397.05920254034424
4,A,100000.0,55.0,2307.92236328125,4.0,3386.0,0.0,0.0,38.0,100000.0,0.08,0.06,0.0,0.04,0.0,0.05,0.035,0.02,0.0005,0.06,0.0,0.00285,0.0,115.3961181640625,80.77728271484376,0.6648150271117458,2251.0636818003713,66481.50271117457,0.0,206.53676317379262,0.0,83.62645869623147,58.538521087362035,1672.5291739246293,196.30413476672612,5.1599096271170675,161.10979332842783,0.0,0.0,13581.183476497867,7211.862504137559,679.0591738248935,0.0,4966.495131231719,475.3414216774254,9.66658759970567,-248.42524562626932,334.4340348754729,0.0,159.45190508416167,222.33677196282804,51.277557940590654,2048.7896017233484,263.97092450182714,81.95158406893394,397.05920254034424
5,A,100000.0,55.0,2307.92236328125,5.0,5135.0,0.0,0.0,39.0,100000.0,0.08,0.06,0.0,0.04,0.0,0.05,0.035,0.02,0.0005,0.06,0.0,0.00324,0.0,115.3961181640625,80.77728271484376,0.6096481443099914,3130.543221031806,60964.81443099914,0.0,215.40006878420562,0.0,76.71707342583143,53.70195139808201,1534.3414685166285,273.10601313750516,4.701490985090005,170.32251310259244,0.0,0.0,12385.000474676168,7304.032869536336,619.2500237338086,0.0,4958.618173307195,433.4750166136659,10.219350786155546,930.3756085148361,334.4340348754729,0.0,156.16339368782246,203.88708875593497,93.37192208830204,1866.7702612904554,242.06640600992588,74.67081045161822,397.05920254034424
6,A,100000.0,55.0,2307.92236328125,6.0,6911.0,0.0,0.0,40.0,100000.0,0.08,0.06,0.0,0.04,0.0,0.05,0.035,0.02,0.0005,0.06,0.0,0.00361,0.0,115.3961181640625,80.77728271484376,0.5588515293483097,3862.2229193261687,55885.15293483097,0.0,220.0829800959069,0.0,70.3510292992972,49.24572050950804,1407.0205859859439,337.06226602610803,4.279902480183614,177.5145067952923,0.0,0.0,11284.685366405922,7323.088171180284,564.2342683202962,0.0,4941.562831455278,394.96398782420727,10.650870407717537,1939.163892374143,334.4340348754729,0.0,152.1905786491798,186.89897185628396,129.06350914205126,1699.3746657321478,221.89714258149164,67.97498662928591,397.05920254034424
7,A,100000.0,55.0,2307.92236328125,7.0,8704.0,0.0,0.0,41.0,100000.0,0.08,0.06,0.0,0.04,0.0,0.05,0.035,0.02,0.0005,0.06,0.0,0.00398,0.0,115.3961181640625,80.77728271484376,0.5120971162405832,4457.293299758036,51209.71162405832,0.0,222.42290868062727,0.0,64.4892971168446,45.14250798179122,1289.7859423368918,389.139496915815,3.8922470500426485,182.57419139415236,0.0,0.0,10272.771371636778,7278.949432001387,513.638568581839,0.0,4919.142364617582,359.54699800728724,10.954451483649141,2798.5059915713173,334.4340348754729,0.0,147.62733138742945,171.2627048324323,159.14640515238293,1545.4525097799421,203.33287259769594,61.81810039119769,397.05920254034424
8,A,100000.0,55.0,2307.92236328125,8.0,10545.0,0.0,0.0,42.0,100000.0,0.08,0.06,0.0,0.04,0.0,0.05,0.035,0.02,0.0005,0.06,0.0,0.00434,0.0,115.3961181640625,80.77728271484376,0.4690846455756112,4946.49758759482,46908.46455756112,0.0,222.2501484484131,0.0,59.09401933717399,41.3658135360218,1181.8803867434797,432.005127260556,3.535839815803772,185.66354501179865,0.0,0.0,9342.304846471881,7180.967912365628,467.1152423235942,0.0,4893.485150521658,326.9806696265159,11.139812700707918,3526.2441283655153,334.4340348754729,0.0,142.5779731592775,156.8778707179828,184.30658728943195,1403.9377375734439,186.25437529617219,56.15750950293776,397.05920254034424
9,A,100000.0,55.0,2307.92236328125,9.0,12430.0,0.0,0.0,43.0,100000.0,0.08,0.06,0.0,0.04,0.0,0.05,0.035,0.02,0.0005,0.06,0.0,0.00477,0.0,115.3961181640625,80.77728271484376,0.4294993428709183,5338.676831885515,42949.934287091826,0.0,223.75337593956655,0.0,54.130547189790605,37.89138303285343,1082.610943795812,466.45777156038776,3.2081887628603116,187.3408406584257,0.0,0.0,8486.841438117539,7036.201501599698,424.342071905877,0.0,4866.974408094112,297.0394503341139,11.24045043950554,4137.715993816262,334.4340348754729,0.0,137.14127938494067,143.6391982126854,205.1322002955772,1273.8408717802095,170.5366665719287,50.95363487120838,397.05920254034424
10,A,100000.0,55.0,2307.92236328125,10.0,14357.0,0.0,0.0,44.0,100000.0,0.08,0.06,0.0,0.04,0.0,0.05,0.035,0.02,0.0005,0.06,0.0,0.00535,0.0,115.3961181640625,80.77728271484376,0.39302539967563416,5642.66566314308,39302.53996756342,0.0,229.78214843594125,0.0,49.56255692131968,34.693789844923785,991.2511384263936,493.3057652478219,2.907016970503806,187.72357208683982,0.0,0.0,7700.399714094598,6851.1917901032975,385.01998570472983,0.0,4837.90000847831,269.51398999331093,11.26341432521039,4643.22606018505,334.4340348754729,0.0,131.38648012083277,131.4410702220677,222.008834073808,1154.2578400794891,156.05435177330736,46.170313603179565,397.05920254034424
11,A,100000.0,55.0,2307.92236328125,11.0,16236.0,0.0,0.0,45.0,100000.0,0.08,0.06,0.0,0.04,0.0,0.05,0.035,0.02,0.0005,0.06,0.0,0.00615,0.0,115.3961181640625,80.77728271484376,0.3593596299902187,5834.562952521191,35935.96299902187,0.0,241.71062080051502,0.0,45.35360546244737,31.747523823713166,907.0721092489474,510.4928311306877,2.630272249648324,186.92890980158012,0.0,0.0,6977.514518694932,6631.933696459608,348.8757259347466,0.0,4801.633860381502,244.21300815432267,11.215734588094806,5049.141772235247,334.4340348754729,0.0,125.37852500045572,120.18209102898584,235.16451008792137,1044.3738019093612,142.6870481091094,41.77495207637445,397.05920254034424
12,A,100000.0,55.0,2307.92236328125,12.0,18145.0,0.0,0.0,46.0,100000.0,0.08,0.06,0.0,0.04,0.0,0.05,0.035,0.02,0.0005,0.06,0.0,0.00706,0.0,115.3961181640625,80.77728271484376,0.32827674692228875,5956.581572904929,32827.67469222887,0.0,253.7078987730944,0.0,41.46870632574505,29.028094428021543,829.3741265149011,521.6464388938015,2.3761235096440383,184.42168814082882,0.0,0.0,6313.260105823824,6386.718213187305,315.6630052911912,0.0,4751.988593996247,220.9641037038339,11.065301288449728,5362.073810354753,334.4340348754729,0.0,119.17793141237914,109.7869170290155,244.8380454446355,943.4617058766262,130.34530334550237,37.73846823506505,397.05920254034424
13,A,100000.0,55.0,2307.92236328125,13.0,20087.0,0.0,0.0,47.0,100000.0,0.08,0.06,0.0,0.04,0.0,0.05,0.035,0.02,0.0005,0.06,0.0,0.00816,0.0,115.3961181640625,80.77728271484376,0.2995501679740107,6017.064224093952,29955.01679740107,0.0,267.8738254885876,0.0,37.881862278358476,26.517303594850937,757.6372455671694,527.5276012342412,2.142891703107511,181.0037035382432,0.0,0.0,5703.241418481281,6120.540502820996,285.162070924064,0.0,4688.360238983002,199.61344964684486,10.860222212294591,5590.434843893627,334.4340348754729,0.0,112.87974738042458,100.17977132317405,251.3469169435035,850.8548707661889,118.93915081658685,34.03419483064756,397.05920254034424
14,A,100000.0,55.0,2307.92236328125,14.0,22062.0,0.0,0.0,48.0,100000.0,0.08,0.06,0.0,0.04,0.0,0.05,0.035,0.02,0.0005,0.06,0.0,0.0093,0.0,115.3961181640625,80.77728271484376,0.27302320329890417,6023.437911180424,27302.320329890415,0.0,278.5816562158299,0.0,34.566926579593705,24.196848605715598,691.3385315918741,528.6940644674099,1.9290572032578006,176.799104776092,0.0,0.0,5143.428339830675,5837.834521699595,257.17141699153376,0.0,4608.020823053735,180.01999189407368,10.60794628656552,5739.618413808262,334.4340348754729,0.0,106.53471506334698,91.30825149387904,254.88772680859304,765.9499147802496,108.40637537687317,30.637996591209987,397.05920254034424
15,A,100000.0,55.0,2307.92236328125,15.0,24071.0,0.0,0.0,49.0,100000.0,0.08,0.06,0.0,0.04,0.0,0.05,0.035,0.02,0.0005,0.06,0.0,0.01049,0.0,115.3961181640625,80.77728271484376,0.2485464547045948,5982.761711194302,24854.64547045948,0.0,286.40134026055046,0.0,31.505817829411203,22.05407248058785,630.1163565882241,525.7553221286338,1.7331962880892084,171.92689978384715,0.0,0.0,4630.173400568354,5542.653838100169,231.50867002841767,0.0,4513.759999760055,162.05606901989242,10.315613987030828,5819.80517634018,334.4340348754729,0.0,100.18815737931534,83.1223937008516,255.8544657047362,688.1815359945865,98.6876570992362,27.527261439783462,397.05920254034424
16,A,100000.0,55.0,2307.92236328125,16.0,26111.0,0.0,0.0,50.0,100000.0,0.08,0.06,0.0,0.04,0.0,0.05,0.035,0.02,0.0005,0.06,0.0,0.01253,0.0,115.3961181640625,80.77728271484376,0.2257975942169745,5895.800982599421,22579.75942169745,0.0,311.42870774485726,0.0,28.68129605635023,20.076907239445163,573.6259211270046,519.183718303334,1.553977684908182,166.50011222673606,0.0,0.0,4160.059325739335,5238.604669495543,208.00296628696674,0.0,4407.909059489906,145.60207640087677,9.990006733604163,5840.059445933958,334.4340348754729,0.0,93.88006968745714,75.51440049915753,254.5970865506067,617.0211403351339,89.65501269532014,24.680845613405353,397.05920254034424
17,A,100000.0,55.0,2307.92236328125,17.0,28177.0,0.0,0.0,51.0,100000.0,0.08,0.06,0.0,0.04,0.0,0.05,0.035,0.02,0.0005,0.06,0.0,0.01387,0.0,115.3961181640625,80.77728271484376,0.20485251905837026,5772.129429507699,20485.251905837027,0.0,313.18126317894365,0.0,26.056165863423026,18.23931610439612,521.1233172684605,508.98390498013526,1.3903391980875348,160.4732983989448,0.0,0.0,3729.890740796823,4928.965137972031,186.4945370398412,0.0,4272.796714124645,130.54617592788887,9.628397903936687,5788.911824267581,334.4340348754729,0.0,87.64526574135127,68.50965450309548,250.6295863827289,552.0469732532191,81.33857785569717,22.081878930128763,397.05920254034424
18,A,100000.0,55.0,2307.92236328125,18.0,30264.0,0.0,0.0,52.0,100000.0,0.08,0.06,0.0,0.04,0.0,0.05,0.035,0.02,0.0005,0.06,0.0,0.01532,0.0,115.3961181640625,80.77728271484376,0.18557704418908436,5616.303665338449,18557.704418908437,0.0,313.83405919742324,0.0,23.63918549546556,16.547429846825896,472.7837099093112,495.97253094260145,1.241100246952666,154.05223713763115,0.0,0.0,3337.118120469497,4617.139838510778,166.85590602347492,0.0,4130.527319510687,116.79913421643246,9.243134228257869,5694.2040777918755,334.4340348754729,0.0,81.52267846706863,62.06327966841941,245.07204689435582,492.79027432765065,73.68507317551206,19.711610973106026,397.05920254034424
19,A,100000.0,55.0,2307.92236328125,19.0,32364.0,0.0,0.0,53.0,100000.0,0.08,0.06,0.0,0.04,0.0,0.05,0.035,0.02,0.0005,0.06,0.0,0.01689,0.0,115.3961181640625,80.77728271484376,0.16784723607971228,5432.207948483808,16784.723607971227,0.0,313.4396276353635,0.0,21.414870519781026,14.990409363846721,428.29741039562055,480.4812366508421,1.1051672126416883,147.30277013996044,0.0,0.0,2978.9077869825933,4305.8529011086075,148.94538934912973,0.0,3981.914353093692,104.26177254439084,8.838166208397626,5562.066629113227,334.4340348754729,0.0,75.54045137749351,56.133828404834226,238.15835038500876,438.81681212524467,66.64528970641145,17.552672485009786,397.05920254034424
20,A,100000.0,55.0,2307.92236328125,20.0,34473.0,0.0,0.0,54.0,100000.0,0.08,0.06,0.0,0.04,0.0,0.05,0.035,0.02,0.0005,0.06,0.0,0.01861,0.0,115.3961181640625,80.77728271484376,0.1515457110949673,5224.235298576808,15154.571109496732,0.0,312.36370634434456,0.0,19.368919488165773,13.558243641716043,387.37838976331545,462.89582155007366,0.9815266650676435,140.27922415946068,0.0,0.0,2652.634791650452,3997.60578050211,132.63173958252264,0.0,3827.7512995820766,92.84221770776588,8.41675344956764,5398.196245724023,334.4340348754729,0.0,69.72390322419562,50.682043629562635,230.1058988942983,389.724194903843,60.172619195777116,15.588967796153721,397.05920254034424
21,A,100000.0,55.0,2307.92236328125,21.0,36585.0,0.0,0.0,55.0,100000.0,0.08,0.06,0.0,0.04,0.0,0.05,0.035,0.02,0.0005,0.06,0.0,0.02049,0.0,115.3961181640625,80.77728271484376,0.13656529631666092,4996.24136574504,13656.529631666092,0.0,310.5171620335881,0.0,17.487786784771725,12.24145074934021,349.7557356954345,443.5439872327503,0.8692420205753819,133.04733566801062,0.0,0.0,2355.866657962622,3694.6141901721207,117.79333289813114,0.0,3668.497645221015,82.45533302869183,7.982840140080636,5207.493843357337,334.4340348754729,0.0,64.09610590359581,45.672083071145465,221.10081366074638,345.14054350421964,54.2245076501792,13.805621740168785,397.05920254034424
22,A,100000.0,55.0,2307.92236328125,22.0,38702.0,0.0,0.0,56.0,100000.0,0.08,0.06,0.0,0.04,0.0,0.05,0.035,0.02,0.0005,0.06,0.0,0.02256,0.0,115.3961181640625,80.77728271484376,0.12280563257321649,4752.823591848624,12280.563257321648,0.0,308.091308490387,0.0,15.759105070867614,11.03137354960733,315.18210141735227,422.8280078437929,0.7674464050817363,125.66401821577497,0.0,0.0,2086.3553591578752,3398.8547705462556,104.31776795789379,0.0,3504.7203889962675,73.02243757052568,7.5398410929464985,4994.560005913068,334.4340348754729,0.0,58.67710999965902,41.07038320689559,211.3180651483978,304.7216575942092,48.76110653698386,12.188866303768368,397.05920254034424
23,A,100000.0,55.0,2307.92236328125,23.0,40825.0,0.0,0.0,57.0,100000.0,0.08,0.06,0.0,0.04,0.0,0.05,0.035,0.02,0.0005,0.06,0.0,0.02485,0.0,115.3961181640625,80.77728271484376,0.1101735995954703,4497.8372034850745,11017.35995954703,0.0,305.171996944443,0.0,14.171293287631332,9.919905301341934,283.42586575262663,401.08319598412504,0.6753386287117893,118.20230541079091,0.0,0.0,1842.020188050144,3111.980953524313,92.10100940250723,0.0,3336.8178960657315,64.47070658175508,7.092138324647455,4763.3503775241625,334.4340348754729,0.0,53.484353306698885,36.8458014494679,200.90740178751264,268.1494173609937,43.74544159637663,10.72597669443975,397.05920254034424
24,A,100000.0,55.0,2307.92236328125,24.0,42954.0,0.0,0.0,58.0,100000.0,0.08,0.06,0.0,0.04,0.0,0.05,0.035,0.02,0.0005,0.06,0.0,0.02737,0.0,115.3961181640625,80.77728271484376,0.0985854963205789,4234.641408954146,9858.549632057891,0.0,301.54514209280217,0.0,12.713605717478998,8.899524002235301,254.27211434957997,378.59174376190646,0.5921785742647906,110.7217509104498,0.0,0.0,1620.9380951894182,2835.37699568116,81.04690475947093,0.0,3165.118614963918,56.732833331629664,6.643305054626988,4517.337253546761,334.4340348754729,0.0,48.53158911431939,32.97034531469229,189.99984952706507,235.12995245905682,39.1442785510931,9.405198098362273,397.05920254034424
25,A,100000.0,55.0,2307.92236328125,25.0,45090.0,0.0,0.0,59.0,100000.0,0.08,0.06,0.0,0.04,0.0,0.05,0.035,0.02,0.0005,0.06,0.0,0.03013,0.0,115.3961181640625,80.77728271484376,0.08796590609112467,3966.3827056488117,8796.590609112467,0.0,297.03810041390426,0.0,11.376383582672272,7.963468507870592,227.52767165344545,355.61760232759224,0.5172802209148033,103.2737632943186,0.0,0.0,1421.3326200734318,2570.2003317465005,71.06663100367162,0.0,2990.1782174696727,49.74664170257014,6.196425797659115,4259.8592018489835,334.4340348754729,0.0,43.82954762426518,29.418792905531763,178.72188085647545,205.390872006326,34.927672523280776,8.21563488025304,397.05920254034424
26,A,100000.0,55.0,2307.92236328125,26.0,47225.0,0.0,0.0,60.0,100000.0,0.08,0.06,0.0,0.04,0.0,0.05,0.035,0.02,0.0005,0.06,0.0,0.03313,0.0,115.3961181640625,80.77728271484376,0.07824746797253966,3695.2366750031856,7824.746797253966,0.0,291.43104687989603,0.0,10.150924093700247,7.105646865590175,203.01848187400495,332.335193212269,0.4500055236602708,95.90705832997276,0.0,0.0,1241.557146356786,2317.3907426887686,62.07785731783932,0.0,2812.7472457545555,43.454500122487524,5.754423499798365,3994.113199526865,334.4340348754729,0.0,39.386303731576675,26.168616432845777,167.19500441766323,178.67883436329828,31.068877233977723,7.147153374531931,397.05920254034424
27,A,100000.0,55.0,2307.92236328125,27.0,49350.0,0.0,0.0,61.0,100000.0,0.08,0.06,0.0,0.04,0.0,0.05,0.035,0.02,0.0005,0.06,0.0,0.03634,0.0,115.3961181640625,80.77728271484376,0.06937163858750417,3423.490364293331,6937.163858750417,0.0,284.3512986122091,0.0,9.029454060197883,6.320617842138519,180.58908120395765,308.9210035555866,0.389758276634142,88.65245177092815,0.0,0.0,1080.0802110620923,2077.75117918405,54.004010553104635,0.0,2633.826088704842,37.802807387173246,5.319147106255689,3723.303874767077,334.4340348754729,0.0,35.20733238104138,23.20023699874207,155.5417153627479,154.7571105038525,27.544647496471377,6.1902844201541,397.05920254034424
28,A,100000.0,55.0,2307.92236328125,28.0,51449.0,0.0,0.0,62.0,100000.0,0.08,0.06,0.0,0.04,0.0,0.05,0.035,0.02,0.0005,0.06,0.0,0.0398,0.0,115.3961181640625,80.77728271484376,0.06128179558198378,3152.8871008974834,6128.179558198378,0.0,276.0991215782666,0.0,8.005217803678269,5.603652462574789,160.10435607356538,285.52811469508015,0.3359769691120035,81.54465057965575,0.0,0.0,935.4707750524601,1851.9402227958255,46.77353875262302,0.0,2454.8278336408266,32.741477126836116,4.892679034779345,3450.812297263651,334.4340348754729,0.0,31.296478570027347,20.494718160896763,143.89231132283854,133.4027474275352,24.33250088402287,5.336109897101408,397.05920254034424
29,A,100000.0,55.0,2307.92236328125,29.0,53508.0,0.0,0.0,63.0,100000.0,0.08,0.06,0.0,0.04,0.0,0.05,0.035,0.02,0.0005,0.06,0.0,0.04357,0.0,115.3961181640625,80.77728271484376,0.053922807928598604,2885.3016066434543,5392.28079285986,0.0,267.0047833507033,0.0,7.071681324284524,4.950176926999167,141.43362648569047,262.32530544006306,0.28813425229449985,74.60784938619028,0.0,0.0,806.3810757380506,1640.4897170125785,40.319053786902536,0.0,2276.9218254081934,28.223337650831777,4.476470963171416,3179.5728581204557,334.4340348754729,0.0,27.655658678049097,18.033622227376373,132.35938505419452,114.40635644061373,21.410547114865512,4.57625425762455,397.05920254034424
30,A,100000.0,55.0,2307.92236328125,30.0,55514.0,0.0,0.0,64.0,100000.0,0.08,0.06,0.0,0.04,0.0,0.05,0.035,0.02,0.0005,0.06,0.0,0.04772,0.0,115.3961181640625,80.77728271484376,0.047241642611506214,2622.572547935156,4724.164261150621,0.0,257.3196394352725,0.0,6.222482715466611,4.355737900826628,124.44965430933222,239.47766074785784,0.24573681445768128,67.86915178785895,0.0,0.0,691.5453472224547,1443.7840002530186,34.57726736112273,0.0,2100.993915073818,24.204087152785917,4.072149107271537,2912.013922618291,334.4340348754729,0.0,24.285414061999646,15.799213152711095,121.03541425245321,97.57206358337278,18.757728942020602,3.9028825433349112,397.05920254034424
31,A,100000.0,55.0,2307.92236328125,31.0,57464.0,0.0,0.0,65.0,100000.0,0.08,0.06,0.0,0.04,0.0,0.05,0.035,0.02,0.0005,0.06,0.0,0.05231,0.0,115.3961181640625,80.77728271484376,0.04118879770357846,2366.8730712384327,4118.879770357846,0.0,247.121032500789,0.0,5.451502173061781,3.8160515211432475,109.03004346123562,217.17550008220744,0.2083246444244823,61.355335696952565,0.0,0.0,589.7795206296473,1262.0576995152815,29.488976031482366,0.0,1927.714032241498,20.64228322203766,3.681320141817154,2650.123470380652,334.4340348754729,0.0,21.184681517208098,13.774935807677355,109.9954384059073,82.71721718468709,16.354391169778424,3.3086886873874835,397.05920254034424
32,A,100000.0,55.0,2307.92236328125,32.0,59360.0,0.0,0.0,66.0,100000.0,0.08,0.06,0.0,0.04,0.0,0.05,0.035,0.02,0.0005,0.06,0.0,0.05737,0.0,115.3961181640625,80.77728271484376,0.035719732668978224,2120.3233312305474,3571.973266897822,0.0,236.3001324254296,0.0,4.753027366837806,3.327119156786465,95.06054733675612,195.5973625347534,0.17546883249788317,55.100534150152946,0.0,0.0,499.9794562551482,1095.3645074136853,24.99897281275741,0.0,1757.701561030369,17.499280968930186,3.306032049009177,2395.5848659705935,334.4340348754729,0.0,18.35074863607927,11.945894321159631,99.30261067134902,69.67151470229615,14.182848568498775,2.7868605880918462,397.05920254034424
33,A,100000.0,55.0,2307.92236328125,33.0,61209.0,0.0,0.0,67.0,100000.0,0.08,0.06,0.0,0.04,0.0,0.05,0.035,0.02,0.0005,0.06,0.0,0.06294,0.0,115.3961181640625,80.77728271484376,0.030793810079209318,1884.8583211383232,3079.3810079209316,0.0,224.81999741854892,0.0,4.121918491858135,2.8853429443006946,82.4383698371627,174.90952935483904,0.14676785312882026,49.13875544828962,0.0,0.0,421.11566527512775,943.5817251754794,21.055783263756386,0.0,1591.7094910461542,14.739048284629472,2.9483253268973773,2149.9703824948915,334.4340348754729,0.0,15.778746532513267,10.298498153978977,89.01605963583582,58.275526721889214,12.226965673229666,2.3310210688755686,397.05920254034424
34,A,100000.0,55.0,2307.92236328125,34.0,63023.0,0.0,0.0,68.0,100000.0,0.08,0.06,0.0,0.04,0.0,0.05,0.035,0.02,0.0005,0.06,0.0,0.06902,0.0,115.3961181640625,80.77728271484376,0.026374947602938906,1662.2283227800187,2637.4947602938905,0.0,212.5388771667027,0.0,3.553486146622137,2.4874403026354965,71.06972293244274,155.2574634097607,0.12184475717476376,43.501040302673495,0.0,0.0,352.22438725548363,806.4154648276595,17.611219362774182,0.0,1430.5578732694516,12.32785355394193,2.6100624181604095,1914.6880237583437,334.4340348754729,0.0,13.461571066916422,8.82068014648004,79.18867280966116,48.37958211753512,10.472415662266286,1.935183284701405,397.05920254034424
35,A,100000.0,55.0,2307.92236328125,35.0,64808.0,0.0,0.0,69.0,100000.0,0.08,0.06,0.0,0.04,0.0,0.05,0.035,0.02,0.0005,0.06,0.0,0.0756,0.0,115.3961181640625,80.77728271484376,0.022430521439024187,1453.6772334202794,2243.0521439024187,0.0,199.39460387821813,0.0,3.0435665701596952,2.130496599111787,60.8713314031939,136.74460834010117,0.1003435998588154,38.21559371993896,0.0,0.0,292.40085089596255,683.4146200110052,14.620042544798126,0.0,1275.2413110335272,10.234029781358691,2.2929356231963376,1691.1091524747264,334.4340348754729,0.0,11.389971491432668,7.501529789213658,69.87225682834594,39.84234973997024,8.90624495514304,1.5936939895988096,397.05920254034424
36,A,100000.0,55.0,2307.92236328125,36.0,66563.0,0.0,0.0,70.0,100000.0,0.08,0.06,0.0,0.04,0.0,0.05,0.035,0.02,0.0005,0.06,0.0,0.08269,0.0,115.3961181640625,80.77728271484376,0.018929682291532773,1260.016442371296,1892.9682291532774,0.0,185.477981779291,0.0,2.5883951024591725,1.811876571721421,51.76790204918345,119.44342388366137,0.08192682241414383,33.301144863307805,0.0,0.0,240.7907002724794,574.0065964713443,12.039535013623968,0.0,1126.8563595966502,8.42767450953678,1.9980686917984682,1480.5394653186756,334.4340348754729,0.0,9.552634727893638,6.330730027668093,61.11628382774715,32.52979877442601,7.51620455501808,1.3011919509770404,397.05920254034424
37,A,100000.0,55.0,2307.92236328125,37.0,68279.0,0.0,0.0,71.0,100000.0,0.08,0.06,0.0,0.04,0.0,0.05,0.035,0.02,0.0005,0.06,0.0,0.09024,0.0,115.3961181640625,80.77728271484376,0.015843750340621267,1081.7954295072796,1584.3750340621268,0.0,170.82145299879176,0.0,2.184411854521877,1.5290882981653144,43.688237090437546,103.3999821746853,0.06627421301917681,28.768107187428814,0.0,0.0,196.58371015222778,477.52343644653666,9.829185507611388,0.0,986.4526322012251,6.880429855327975,1.7260864312457287,1284.1019738584735,334.4340348754729,0.0,7.936671425210914,5.298689353973619,52.96306843184895,26.314786170384977,6.290906875495388,1.0525914468153992,397.05920254034424
38,A,100000.0,55.0,2307.92236328125,38.0,69942.0,0.0,0.0,72.0,100000.0,0.08,0.06,0.0,0.04,0.0,0.05,0.035,0.02,0.0005,0.06,0.0,0.09824,0.0,115.3961181640625,80.77728271484376,0.013144279482585945,919.3371955710262,1314.4279482585946,0.0,155.64900334626333,0.0,1.8283072864682373,1.2798151005277663,36.56614572936475,88.65148690589862,0.05308143119932262,24.62206485093854,0.0,0.0,159.01129198426185,393.22439172971286,7.950564599213092,0.0,855.0892844904826,5.565395219449167,1.4773238910563122,1102.8183440545959,334.4340348754729,0.0,6.528051850973622,4.395894422892111,45.45105469587858,21.076470741704988,5.219057129322984,0.8430588296681996,397.05920254034424
39,A,100000.0,55.0,2307.92236328125,39.0,71533.0,0.0,0.0,73.0,100000.0,0.08,0.06,0.0,0.04,0.0,0.05,0.035,0.02,0.0005,0.06,0.0,0.10688,0.0,115.3961181640625,80.77728271484376,0.010800265380168187,772.5753834395709,1080.0265380168187,0.0,140.4860591098786,0.0,1.51679882835395,1.0617591798477652,30.335976567079,75.21997953822563,0.042060408964709584,20.864116479574562,0.0,0.0,127.34295210509298,320.3018804930027,6.367147605254649,0.0,733.6438525238386,4.457003323678256,1.2518469887744736,937.4269318406814,334.4340348754729,0.0,5.311850033956254,3.6119763288155298,38.60737401598235,16.700472442050202,4.288344759073668,0.6680188976820081,397.05920254034424
40,A,100000.0,55.0,2307.92236328125,40.0,73046.0,0.0,0.0,74.0,100000.0,0.08,0.06,0.0,0.04,0.0,0.05,0.035,0.02,0.0005,0.06,0.0,0.11636,0.0,115.3961181640625,80.77728271484376,0.00878006278048927,641.3484658636193,878.006278048927,0.0,125.67188796363703,0.0,1.2463087000131214,0.8724160900091852,24.926174000262428,63.11329479678123,0.032942559943129786,17.487091377815574,0.0,0.0,100.88725455953454,257.8939761744972,5.044362727976728,0.0,622.5035475149136,3.5310539095837106,1.0492254826689345,788.0856857674368,334.4340348754729,0.0,4.272477046540032,2.93635182213899,32.43572539910707,13.08014658065854,3.4862047258752273,0.5232058632263417,397.05920254034424
41,A,100000.0,55.0,2307.92236328125,41.0,74479.0,0.0,0.0,75.0,100000.0,0.08,0.06,0.0,0.04,0.0,0.05,0.035,0.02,0.0005,0.06,0.0,0.12668,0.0,115.3961181640625,80.77728271484376,0.007054380073260339,525.4031734763568,705.4380073260338,0.0,111.22583530323806,0.0,1.013185162105227,0.709229613473659,20.26370324210454,52.31442366624483,0.025480199560365704,14.481794650823122,0.0,0.0,78.999523781643,205.09644042469588,3.949976189082151,0.0,521.7318014518733,2.7649833323575064,0.8689076790493873,654.5436776163657,334.4340348754729,0.0,3.394150645732698,2.3592247914455893,26.923398643315654,10.117147718009655,2.8010065263052453,0.4046859087203862,397.05920254034424
42,A,100000.0,55.0,2307.92236328125,42.0,75843.0,0.0,0.0,76.0,100000.0,0.08,0.06,0.0,0.04,0.0,0.05,0.035,0.02,0.0005,0.06,0.0,0.13784,0.0,115.3961181640625,80.77728271484376,0.005595443978045163,424.3752576268793,559.5443978045164,0.0,97.2375749298205,0.0,0.8140480765081579,0.5698336535557106,16.280961530163157,42.80202783170271,0.019445027469519996,11.837640164999941,0.0,0.0,61.08525336112001,160.9858743754389,3.054262668056001,0.0,431.3752382067101,2.137983867639201,0.7102584098999964,536.4681057567243,334.4340348754729,0.0,2.6610089925126186,1.871306906497311,22.054607422272944,7.7208271004247955,2.221722523781784,0.30883308401699183,397.05920254034424
43,A,100000.0,55.0,2307.92236328125,43.0,77152.0,0.0,0.0,77.0,100000.0,0.08,0.06,0.0,0.04,0.0,0.05,0.035,0.02,0.0005,0.06,0.0,0.14984,0.0,115.3961181640625,80.77728271484376,0.0043764608401848865,337.65270674194437,437.64608401848864,0.0,83.84213256702874,0.0,0.6456925144708916,0.4519847601296242,12.913850289417832,34.53597550353123,0.014627384590255635,9.542108368804914,0.0,0.0,46.59646350419513,124.62328151875374,2.329823175209757,0.0,351.39267280515804,1.63087622264683,0.5725265021282948,433.3801902175732,334.4340348754729,0.0,2.057190942313127,1.4636374572575337,17.80785452929562,5.807937660660004,1.737714051152856,0.23231750642640017,397.05920254034424
44,A,100000.0,55.0,2307.92236328125,44.0,78424.0,0.0,0.0,78.0,100000.0,0.08,0.06,0.0,0.04,0.0,0.05,0.035,0.02,0.0005,0.06,0.0,0.16259,0.0,115.3961181640625,80.77728271484376,0.0033717007064048878,264.4222561990969,337.1700706404888,0.0,71.15687680056607,0.0,0.5050265922543674,0.3535186145780572,10.100531845087348,27.457565194452766,0.010836019133680973,7.577909087553373,0.0,0.0,35.029917743368394,95.07223727597265,1.7514958871684199,0.0,281.60624715033566,1.2260471210178943,0.45467454525320233,344.6261096911262,334.4340348754729,0.0,1.5669520778773571,1.1276114716354688,14.154723853175247,4.302541115933549,1.3387647936898401,0.17210164463734196,397.05920254034424
45,A,100000.0,55.0,2307.92236328125,45.0,79683.0,0.0,0.0,79.0,100000.0,0.08,0.06,0.0,0.04,0.0,0.05,0.035,0.02,0.0005,0.06,0.0,0.17587,0.0,115.3961181640625,80.77728271484376,0.0025564221269159036,203.70338433903996,255.64221269159037,0.0,59.29810032354276,0.0,0.38908117313015145,0.27235682119110605,7.7816234626030285,21.493378191076854,0.007897759192623324,5.923927567058365,0.0,0.0,25.92656133421229,71.4175615725588,1.2963280667106147,0.0,221.713620235783,0.9074296466974304,0.35543565402350186,269.40837818753755,334.4340348754729,0.0,1.1749556157392491,0.8549545667494239,11.061142546232773,3.1358779668810506,1.0150509310697193,0.125435118675242,397.05920254034424
46,A,100000.0,55.0,2307.92236328125,46.0,80959.0,0.0,0.0,80.0,100000.0,0.08,0.06,0.0,0.04,0.0,0.05,0.035,0.02,0.0005,0.06,0.0,0.18957,0.0,115.3961181640625,80.77728271484376,0.0019060570895711392,154.31247591458987,190.60570895711393,0.0,48.462094259944784,0.0,0.2950011898348116,0.20650083288436816,5.900023796696232,16.557230317838773,0.0056572474334123535,4.555890220928368,0.0,0.0,18.870735386473633,52.780885844384294,0.9435367693236818,0.0,171.28406472167157,0.6604757385265774,0.27335341325570206,206.7982276874325,334.4340348754729,0.0,0.8665181863453171,0.6374503631682767,8.487869978456382,2.2462621544865735,0.7568175079814861,0.08985048617946294,397.05920254034424
47,A,100000.0,55.0,2307.92236328125,47.0,82285.0,0.0,0.0,81.0,100000.0,0.08,0.06,0.0,0.04,0.0,0.05,0.035,0.02,0.0005,0.06,0.0,0.20369,0.0,115.3961181640625,80.77728271484376,0.0013963873353166824,114.90173188653321,139.63873353166824,0.0,38.82447685747454,0.0,0.21995158913560023,0.1539661123949202,4.3990317827120045,12.547192609228896,0.003977480241177708,3.4454942797330745,0.0,0.0,13.4895400533685,38.33489096032089,0.674477002668425,0.0,129.67333305059364,0.4721339018678976,0.20672965678398447,155.66529486208236,334.4340348754729,0.0,0.6278255005434278,0.46699945079896804,6.387616357730553,1.5792951326845506,0.5544484417982782,0.06317180530738202,397.05920254034424
48,A,100000.0,55.0,2307.92236328125,48.0,83704.0,0.0,0.0,82.0,100000.0,0.08,0.06,0.0,0.04,0.0,0.05,0.035,0.02,0.0005,0.06,0.0,0.21823,0.0,115.3961181640625,80.77728271484376,0.001004321428960081,84.06572088967462,100.4321428960081,0.0,30.47336081861596,0.0,0.16113767794900424,0.112796374564303,3.222753558980085,9.350656441227807,0.0027401921155081337,2.5612192180353035,0.0,0.0,9.454128601482756,27.321093989504828,0.47270643007413776,0.0,96.03578951514284,0.3308945010518965,0.1536731530821182,114.70635583429096,334.4340348754729,0.0,0.4462088637811804,0.3358792677990205,4.70620701363031,1.0880184961936543,0.3987750656770688,0.043520739847746175,397.05920254034424
49,A,100000.0,55.0,2307.92236328125,49.0,85270.0,0.0,0.0,83.0,100000.0,0.08,0.06,0.0,0.04,0.0,0.05,0.035,0.02,0.0005,0.06,0.0,0.23319,0.0,115.3961181640625,80.77728271484376,0.0007085138177456094,60.41497323916811,70.85138177456095,0.0,23.41977140192013,0.0,0.11589479429097761,0.08112635600368434,2.3178958858195524,6.851079059794089,0.0018454783711683782,1.8706042423906697,0.0,0.0,6.480630044202778,19.063281307857213,0.3240315022101389,0.0,69.4038602771326,0.22682205154709725,0.11223625454344018,82.53736509454426,334.4340348754729,0.0,0.3103840652503094,0.2369511348336896,3.386329593202766,0.7327641703643317,0.2813219314628865,0.02931056681457327,397.05920254034424
50,A,100000.0,55.0,2307.92236328125,50.0,87025.0,0.0,0.0,84.0,100000.0,0.08,0.06,0.0,0.04,0.0,0.05,0.035,0.02,0.0005,0.06,0.0,0.24857,0.0,115.3961181640625,80.77728271484376,0.0004898066550230966,42.625424153384984,48.98066550230966,0.0,17.611527967702617,0.0,0.08175974423344338,0.05723182096341038,1.6351948846688678,4.932673199144933,0.0012107836882695039,1.3418368487507748,0.0,0.0,4.329243524718555,12.974733500377415,0.21646217623592773,0.0,48.760243286297765,0.15152352336514943,0.08051021092504648,57.7737189615577,334.4340348754729,0.0,0.21056317331688165,0.163808015948233,2.3707968912411888,0.48075280571601847,0.19448223984242424,0.01923011222864074,397.05920254034424
51,A,100000.0,55.0,2307.92236328125,51.0,88988.0,0.0,0.0,85.0,100000.0,0.08,0.06,0.0,0.04,0.0,0.05,0.035,0.02,0.0005,0.06,0.0,0.26437,0.0,115.3961181640625,80.77728271484376,0.0003314911520638693,29.498734639859602,33.14911520638693,0.0,12.949018538845605,0.0,0.056521786640589454,0.039565250648412625,1.130435732811789,3.4869531693756257,0.0007694083807771875,0.9448249597875619,0.0,0.0,2.8018105856516744,8.561049641247578,0.14009052928258373,0.0,33.09912505004706,0.09806337049780861,0.05668949758725371,39.096518005423356,334.4340348754729,0.0,0.13847548932451045,0.11086192351023876,1.6052346680378458,0.30550067810223497,0.13162161248765994,0.0122200271240894,397.05920254034424
52,A,100000.0,55.0,2307.92236328125,52.0,91141.0,0.0,0.0,86.0,100000.0,0.08,0.06,0.0,0.04,0.0,0.05,0.035,0.02,0.0005,0.06,0.0,0.28059,0.0,115.3961181640625,80.77728271484376,0.00021939980572976677,19.99631769401667,21.939980572976676,0.0,9.30131023576011,0.0,0.038252792153903474,0.026776954507732435,0.7650558430780695,2.416994807220249,0.0004686935639444057,0.6524526009850697,0.0,0.0,1.7382298469534807,5.416538457521856,0.08691149234767404,0.0,21.474071513203338,0.060838044643371836,0.03914715605910418,25.30012966076276,334.4340348754729,0.0,0.08732501131023716,0.07337476228110079,1.0400062302871678,0.1860990927386644,0.08711471190056765,0.0074439637095465765,397.05920254034424
53,A,100000.0,55.0,2307.92236328125,53.0,93404.0,0.0,0.0,87.0,100000.0,0.08,0.06,0.0,0.04,0.0,0.05,0.035,0.02,0.0005,0.06,0.0,0.29723,0.0,115.3961181640625,80.77728271484376,0.00014185259335489154,13.24959962972029,14.185259335489155,0.0,6.521220425705858,0.0,0.025317885907164522,0.017722520135015168,0.5063577181432904,1.6394255563506508,0.0002680415007724152,0.4412778072554192,0.0,0.0,1.0121009640304277,3.216205188602481,0.05060504820152138,0.0,13.031724137971363,0.03542353374106497,0.026476668435325153,15.321856944486004,334.4340348754729,0.0,0.051670855703542476,0.04744033515322607,0.6314069702634847,0.10642834454764334,0.056323877595772974,0.0042571337819057335,397.05920254034424
54,A,100000.0,55.0,2307.92236328125,54.0,95634.0,0.0,0.0,88.0,100000.0,0.08,0.06,0.0,0.04,0.0,0.05,0.035,0.02,0.0005,0.06,0.0,0.31429,0.0,115.3961181640625,80.77728271484376,8.948816244623208e-05,8.558110927382959,8.948816244623208,0.0,4.458285156550887,0.0,0.016369238624659773,0.011458467037261843,0.3273847724931954,1.0852744730321358,0.00013691056744842027,0.29172770861174213,0.0,0.0,0.5259729757226227,1.7054278397959297,0.026298648786131133,0.0,7.03177267778436,0.018409054150291797,0.017503662516704526,8.25593524479409,334.4340348754729,0.0,0.02726102149635903,0.029927887240485163,0.34221969246501455,0.0543616007337761,0.03553209841770169,0.002174464029351044,397.05920254034424
55,A,100000.0,55.0,2307.92236328125,55.0,100000.0,0.0,0.0,89.0,100000.0,0.08,0.06,0.0,0.04,0.0,0.05,0.035,0.02,0.0005,0.06,0.0,0.33177,0.0,115.3961181640625,80.77728271484376,5.501478080813001e-05,5.501478080813001,5.501478080813001,0.0,2.968948765478642,0.0,0.010326586567930217,0.007228610597551153,0.20653173135860434,0.7159052995698566,5.2898827700125006e-05,0.18802853055148705,0.0,0.0,0.20653173135860434,0.6883704803556313,0.010326586567930217,0.0,2.854758428344848,0.007228610597551153,0.011281711833089222,3.3541523745073563,334.4340348754729,0.0,0.010847799839508867,0.01839881512345265,0.14172515634801916,0.02100396634542545,0.021844124995607936,0.000840158653817018,397.05920254034424
56,A,100000.0,55.0,2307.92236328125,56.0,0.0,0.0,0.0,90.0,100000.0,0.0,0.0,0.0,0.0,0.0,0.0,0.0,0.0,0.0,0.0,0.0,0.0,0.0,0.0,0.0,5.501478080813001e-05,0.0,5.501478080813001,0.0,0.0,0.0,0.0,0.0,0.0,0.0,0.0,0.0,0.0,0.0,0.0,0.0,0.0,0.0,0.0,0.0,0.0,0.0,0.0,0.0,0.0,0.0,0.0,0.0,0.0,0.0,397.05920254034424
57,A,100000.0,55.0,2307.92236328125,57.0,0.0,0.0,0.0,91.0,100000.0,0.0,0.0,0.0,0.0,0.0,0.0,0.0,0.0,0.0,0.0,0.0,0.0,0.0,0.0,0.0,5.501478080813001e-05,0.0,5.501478080813001,0.0,0.0,0.0,0.0,0.0,0.0,0.0,0.0,0.0,0.0,0.0,0.0,0.0,0.0,0.0,0.0,0.0,0.0,0.0,0.0,0.0,0.0,0.0,0.0,0.0,0.0,0.0,397.05920254034424
58,A,100000.0,55.0,2307.92236328125,58.0,0.0,0.0,0.0,92.0,100000.0,0.0,0.0,0.0,0.0,0.0,0.0,0.0,0.0,0.0,0.0,0.0,0.0,0.0,0.0,0.0,5.501478080813001e-05,0.0,5.501478080813001,0.0,0.0,0.0,0.0,0.0,0.0,0.0,0.0,0.0,0.0,0.0,0.0,0.0,0.0,0.0,0.0,0.0,0.0,0.0,0.0,0.0,0.0,0.0,0.0,0.0,0.0,0.0,397.05920254034424
59,A,100000.0,55.0,2307.92236328125,59.0,0.0,0.0,0.0,93.0,100000.0,0.0,0.0,0.0,0.0,0.0,0.0,0.0,0.0,0.0,0.0,0.0,0.0,0.0,0.0,0.0,5.501478080813001e-05,0.0,5.501478080813001,0.0,0.0,0.0,0.0,0.0,0.0,0.0,0.0,0.0,0.0,0.0,0.0,0.0,0.0,0.0,0.0,0.0,0.0,0.0,0.0,0.0,0.0,0.0,0.0,0.0,0.0,0.0,397.05920254034424
60,A,100000.0,55.0,2307.92236328125,60.0,0.0,0.0,0.0,94.0,100000.0,0.0,0.0,0.0,0.0,0.0,0.0,0.0,0.0,0.0,0.0,0.0,0.0,0.0,0.0,0.0,5.501478080813001e-05,0.0,5.501478080813001,0.0,0.0,0.0,0.0,0.0,0.0,0.0,0.0,0.0,0.0,0.0,0.0,0.0,0.0,0.0,0.0,0.0,0.0,0.0,0.0,0.0,0.0,0.0,0.0,0.0,0.0,0.0,397.05920254034424
